<?xml version="1.0" encoding="UTF-8" standalone="yes"?>
<addon id="repository.kodi-video-addons"
       name="Video Add-ons"
       version="1.0.0"
       provider-name="chaokingli">
    <extension point="xbmc.addon.repository"
               name="Video Add-ons">
        <info compressed="true">https://github.com/chaokingli/kodi-video-addons-repository/raw/main/addons.xml
        </info>
        <checksum>https://github.com/chaokingli/kodi-video-addons-repository/raw/main/addons.xml.md5</checksum>
        <datadir zip="true">https://github.com/chaokingli/kodi-video-addons-repository/raw/main/repository</datadir>
    </extension>
    <extension point="xbmc.addon.metadata">
        <summary>Video Add-ons Repository</summary>
        <description>Download and install add-ons from video addon repository. And You can get the Video Addons
            Update
        </description>
        <disclaimer>chaokingli did not make all the add-ons on this repository and is not responsible for their
            content
        </disclaimer>
        <platform>all</platform>
    </extension>
</addon>