<?xml version="1.0" encoding="UTF-8" standalone="yes"?>
<addon id="plugin.video.olevodplayer"
       name="olevodplayer"
       version="1.0.1"
       provider-name="C.K.">
    <requires>
        <import addon="xbmc.python" version="3.0.0"/>
        <import addon="script.module.beautifulsoup4" version="4.9.3"/>
        <import addon="script.module.requests" version="2.25.1"/>
    </requires>
    <extension point="xbmc.python.pluginsource" library="main.py">
        <provides>video</provides>
    </extension>
    <extension point="xbmc.addon.metadata">
        <platform>all</platform>
        <summary>XBMC Player for olevod.com</summary>
        <description>KODI Addon for olevod.com</description>
        <disclaimer>For personal use only</disclaimer>
    </extension>
</addon>
